{
  "product": "ETH-USD",
  "estimator": "parkinson",
  "beta0": 0.031379229742180346,
  "beta_15": 0.44852810475424587,
  "beta_30": 0.12933528579153555,
  "beta_4h": 0.1842985246067763,
  "beta_24h": 0.11493147162623069,
  "r2_train": 0.47379093444805576,
  "r2_test": 0.5655713979447978,
  "n_train": 2204,
  "n_test": 552,
  "days_back": 30,
  "fit_at": "2026-05-14T23:49:22.467041+00:00"
}